Year,SettlementPoint,HourlyVolatility
2016,HB_WEST,19.535388950649597
2017,HB_WEST,22.98765474461525
2018,HB_WEST,27.28809557629361
2019,HB_WEST,46.93089906646735
